{"cameraMode":{"drawMode":0,"name":"Shaded","section":"Shading Mode"},"sceneLighting":false,"audioPlay":false,"sceneViewState":{"showFog":true,"showMaterialUpdate":false,"showSkybox":true,"showFlares":true,"showImageEffects":true,"showParticleSystems":true},"in2DMode":false,"pivot":{"x":-0.0021158456802368166,"y":20.459741592407228,"z":-7.407317161560059},"rotation":{"x":-0.33515462279319765,"y":0.3621230721473694,"z":-0.14141495525836945,"w":-0.8582192063331604},"size":16.613893508911134,"orthographic":false}