{"cameraMode":{"drawMode":0,"name":"Shaded","section":"Shading Mode"},"sceneLighting":true,"audioPlay":false,"sceneViewState":{"showFog":true,"showMaterialUpdate":false,"showSkybox":true,"showFlares":true,"showImageEffects":true,"showParticleSystems":true},"in2DMode":false,"pivot":{"x":10.84000015258789,"y":0.5799999237060547,"z":-103.19999694824219},"rotation":{"x":-0.3351561725139618,"y":0.3621247410774231,"z":-0.14141561090946198,"w":-0.8582231998443604},"size":140.239013671875,"orthographic":false}